geography,geography_type,skill,related_sectors,demand_units,effective_supply_units,gap_units,gap_pct,status,demand_growth_pct,confidence,data_origin,method_note
Andhra Pradesh,State,food processing,agri-food processing,295,289,6,2.0,BALANCED,6.5,HIGH,SYNTHETIC_DEVELOPMENT,"Demand is synthetic job-signal volume; supply is training-capacity-adjusted proxy, not observed headcount."
Andhra Pradesh,State,logistics,ports & logistics,279,259,20,7.2,BALANCED,8.0,HIGH,SYNTHETIC_DEVELOPMENT,"Demand is synthetic job-signal volume; supply is training-capacity-adjusted proxy, not observed headcount."
Andhra Pradesh,State,industrial maintenance,pharmaceuticals,263,243,20,7.6,BALANCED,7.0,HIGH,SYNTHETIC_DEVELOPMENT,"Demand is synthetic job-signal volume; supply is training-capacity-adjusted proxy, not observed headcount."
Andhra Pradesh,State,electrical technician,textiles,248,226,22,8.9,BALANCED,4.0,HIGH,SYNTHETIC_DEVELOPMENT,"Demand is synthetic job-signal volume; supply is training-capacity-adjusted proxy, not observed headcount."
Andhra Pradesh,State,pharmaceutical production,pharmaceuticals,232,196,36,15.5,SHORTAGE,7.0,HIGH,SYNTHETIC_DEVELOPMENT,"Demand is synthetic job-signal volume; supply is training-capacity-adjusted proxy, not observed headcount."
Andhra Pradesh,State,welding,agri-food processing,217,210,7,3.2,BALANCED,5.5,HIGH,SYNTHETIC_DEVELOPMENT,"Demand is synthetic job-signal volume; supply is training-capacity-adjusted proxy, not observed headcount."
Arunachal Pradesh,State,hydropower technician,hydropower,81,47,34,42.0,CRITICAL SHORTAGE,6.0,LOW,SYNTHETIC_DEVELOPMENT,"Demand is synthetic job-signal volume; supply is training-capacity-adjusted proxy, not observed headcount."
Arunachal Pradesh,State,civil works,construction,78,46,32,41.0,CRITICAL SHORTAGE,6.0,LOW,SYNTHETIC_DEVELOPMENT,"Demand is synthetic job-signal volume; supply is training-capacity-adjusted proxy, not observed headcount."
Arunachal Pradesh,State,heavy equipment operation,tourism,76,46,30,39.5,CRITICAL SHORTAGE,6.5,LOW,SYNTHETIC_DEVELOPMENT,"Demand is synthetic job-signal volume; supply is training-capacity-adjusted proxy, not observed headcount."
Arunachal Pradesh,State,hospitality,tourism,73,47,26,35.6,CRITICAL SHORTAGE,6.5,LOW,SYNTHETIC_DEVELOPMENT,"Demand is synthetic job-signal volume; supply is training-capacity-adjusted proxy, not observed headcount."
Arunachal Pradesh,State,horticulture,horticulture,70,41,29,41.4,CRITICAL SHORTAGE,4.0,LOW,SYNTHETIC_DEVELOPMENT,"Demand is synthetic job-signal volume; supply is training-capacity-adjusted proxy, not observed headcount."
Arunachal Pradesh,State,electrical maintenance,hydropower,67,41,26,38.8,CRITICAL SHORTAGE,5.0,LOW,SYNTHETIC_DEVELOPMENT,"Demand is synthetic job-signal volume; supply is training-capacity-adjusted proxy, not observed headcount."
Assam,State,tea processing,tea,222,167,55,24.8,SHORTAGE,6.0,MEDIUM,SYNTHETIC_DEVELOPMENT,"Demand is synthetic job-signal volume; supply is training-capacity-adjusted proxy, not observed headcount."
Assam,State,industrial maintenance,oil & gas,210,151,59,28.1,SHORTAGE,3.5,MEDIUM,SYNTHETIC_DEVELOPMENT,"Demand is synthetic job-signal volume; supply is training-capacity-adjusted proxy, not observed headcount."
Assam,State,food processing,food processing,199,161,38,19.1,SHORTAGE,5.5,MEDIUM,SYNTHETIC_DEVELOPMENT,"Demand is synthetic job-signal volume; supply is training-capacity-adjusted proxy, not observed headcount."
Assam,State,heavy vehicle operation,logistics,188,132,56,29.8,SHORTAGE,7.0,MEDIUM,SYNTHETIC_DEVELOPMENT,"Demand is synthetic job-signal volume; supply is training-capacity-adjusted proxy, not observed headcount."
Assam,State,weaving,handloom,177,151,26,14.7,SHORTAGE,3.0,MEDIUM,SYNTHETIC_DEVELOPMENT,"Demand is synthetic job-signal volume; supply is training-capacity-adjusted proxy, not observed headcount."
Assam,State,hospitality,tourism,166,137,29,17.5,SHORTAGE,6.5,MEDIUM,SYNTHETIC_DEVELOPMENT,"Demand is synthetic job-signal volume; supply is training-capacity-adjusted proxy, not observed headcount."
Bihar,State,food processing,food processing,438,341,97,22.1,SHORTAGE,6.5,HIGH,SYNTHETIC_DEVELOPMENT,"Demand is synthetic job-signal volume; supply is training-capacity-adjusted proxy, not observed headcount."
Bihar,State,masonry,food processing,413,297,116,28.1,SHORTAGE,6.5,HIGH,SYNTHETIC_DEVELOPMENT,"Demand is synthetic job-signal volume; supply is training-capacity-adjusted proxy, not observed headcount."
Bihar,State,electrician,construction,389,285,104,26.7,SHORTAGE,5.0,HIGH,SYNTHETIC_DEVELOPMENT,"Demand is synthetic job-signal volume; supply is training-capacity-adjusted proxy, not observed headcount."
Bihar,State,welding,logistics,365,269,96,26.3,SHORTAGE,7.0,HIGH,SYNTHETIC_DEVELOPMENT,"Demand is synthetic job-signal volume; supply is training-capacity-adjusted proxy, not observed headcount."
Bihar,State,warehouse operations,textiles,341,261,80,23.5,SHORTAGE,4.0,HIGH,SYNTHETIC_DEVELOPMENT,"Demand is synthetic job-signal volume; supply is training-capacity-adjusted proxy, not observed headcount."
Bihar,State,farm machinery,retail,317,248,69,21.8,SHORTAGE,4.0,HIGH,SYNTHETIC_DEVELOPMENT,"Demand is synthetic job-signal volume; supply is training-capacity-adjusted proxy, not observed headcount."
Chhattisgarh,State,CNC machining,steel,222,174,48,21.6,SHORTAGE,4.5,MEDIUM,SYNTHETIC_DEVELOPMENT,"Demand is synthetic job-signal volume; supply is training-capacity-adjusted proxy, not observed headcount."
Chhattisgarh,State,industrial electrical,mining,210,172,38,18.1,SHORTAGE,4.0,MEDIUM,SYNTHETIC_DEVELOPMENT,"Demand is synthetic job-signal volume; supply is training-capacity-adjusted proxy, not observed headcount."
Chhattisgarh,State,welding,power,199,179,20,10.1,BALANCED,5.0,MEDIUM,SYNTHETIC_DEVELOPMENT,"Demand is synthetic job-signal volume; supply is training-capacity-adjusted proxy, not observed headcount."
Chhattisgarh,State,heavy equipment,mining; construction,223,184,39,17.5,SHORTAGE,4.0,MEDIUM,SYNTHETIC_DEVELOPMENT,"Demand is synthetic job-signal volume; supply is training-capacity-adjusted proxy, not observed headcount."
Chhattisgarh,State,plant maintenance,construction,177,149,28,15.8,SHORTAGE,5.0,MEDIUM,SYNTHETIC_DEVELOPMENT,"Demand is synthetic job-signal volume; supply is training-capacity-adjusted proxy, not observed headcount."
Chhattisgarh,State,mining operations,mining,166,142,24,14.5,SHORTAGE,3.0,MEDIUM,SYNTHETIC_DEVELOPMENT,"Demand is synthetic job-signal volume; supply is training-capacity-adjusted proxy, not observed headcount."
Goa,State,hospitality,tourism; hospitality,122,99,23,18.9,SHORTAGE,6.8,LOW,SYNTHETIC_DEVELOPMENT,"Demand is synthetic job-signal volume; supply is training-capacity-adjusted proxy, not observed headcount."
Goa,State,food production,food processing,83,67,16,19.3,SHORTAGE,6.5,LOW,SYNTHETIC_DEVELOPMENT,"Demand is synthetic job-signal volume; supply is training-capacity-adjusted proxy, not observed headcount."
Goa,State,marine technician,marine services,80,60,20,25.0,SHORTAGE,5.0,LOW,SYNTHETIC_DEVELOPMENT,"Demand is synthetic job-signal volume; supply is training-capacity-adjusted proxy, not observed headcount."
Goa,State,pharmaceutical operations,pharmaceuticals,77,52,25,32.5,CRITICAL SHORTAGE,7.0,LOW,SYNTHETIC_DEVELOPMENT,"Demand is synthetic job-signal volume; supply is training-capacity-adjusted proxy, not observed headcount."
Goa,State,HVAC,food processing,74,54,20,27.0,SHORTAGE,5.5,LOW,SYNTHETIC_DEVELOPMENT,"Demand is synthetic job-signal volume; supply is training-capacity-adjusted proxy, not observed headcount."
Goa,State,electrical maintenance,tourism,71,54,17,23.9,SHORTAGE,6.5,LOW,SYNTHETIC_DEVELOPMENT,"Demand is synthetic job-signal volume; supply is training-capacity-adjusted proxy, not observed headcount."
Gujarat,State,CNC machining,chemicals,490,539,-49,-10.0,BALANCED,6.0,HIGH,SYNTHETIC_DEVELOPMENT,"Demand is synthetic job-signal volume; supply is training-capacity-adjusted proxy, not observed headcount."
Gujarat,State,process operations,pharmaceuticals,462,489,-27,-5.8,BALANCED,8.0,HIGH,SYNTHETIC_DEVELOPMENT,"Demand is synthetic job-signal volume; supply is training-capacity-adjusted proxy, not observed headcount."
Gujarat,State,chemical plant maintenance,chemicals; petrochemicals,470,508,-38,-8.1,BALANCED,5.0,HIGH,SYNTHETIC_DEVELOPMENT,"Demand is synthetic job-signal volume; supply is training-capacity-adjusted proxy, not observed headcount."
Gujarat,State,quality control,pharmaceuticals,408,448,-40,-9.8,BALANCED,7.0,HIGH,SYNTHETIC_DEVELOPMENT,"Demand is synthetic job-signal volume; supply is training-capacity-adjusted proxy, not observed headcount."
Gujarat,State,industrial automation,automotive,380,360,20,5.3,BALANCED,6.5,HIGH,SYNTHETIC_DEVELOPMENT,"Demand is synthetic job-signal volume; supply is training-capacity-adjusted proxy, not observed headcount."
Gujarat,State,logistics,ports & logistics,353,392,-39,-11.0,BALANCED,7.0,HIGH,SYNTHETIC_DEVELOPMENT,"Demand is synthetic job-signal volume; supply is training-capacity-adjusted proxy, not observed headcount."
Haryana,State,CNC machining,automotive,386,370,16,4.1,BALANCED,7.5,HIGH,SYNTHETIC_DEVELOPMENT,"Demand is synthetic job-signal volume; supply is training-capacity-adjusted proxy, not observed headcount."
Haryana,State,automotive assembly,automotive,364,374,-10,-2.7,BALANCED,7.5,HIGH,SYNTHETIC_DEVELOPMENT,"Demand is synthetic job-signal volume; supply is training-capacity-adjusted proxy, not observed headcount."
Haryana,State,industrial automation,logistics,343,322,21,6.1,BALANCED,7.0,HIGH,SYNTHETIC_DEVELOPMENT,"Demand is synthetic job-signal volume; supply is training-capacity-adjusted proxy, not observed headcount."
Haryana,State,warehouse operations,food processing,322,346,-24,-7.5,BALANCED,5.5,HIGH,SYNTHETIC_DEVELOPMENT,"Demand is synthetic job-signal volume; supply is training-capacity-adjusted proxy, not observed headcount."
Haryana,State,quality inspection,IT services,301,330,-29,-9.6,BALANCED,8.5,HIGH,SYNTHETIC_DEVELOPMENT,"Demand is synthetic job-signal volume; supply is training-capacity-adjusted proxy, not observed headcount."
Haryana,State,IT support,pharmaceuticals,280,308,-28,-10.0,BALANCED,7.0,HIGH,SYNTHETIC_DEVELOPMENT,"Demand is synthetic job-signal volume; supply is training-capacity-adjusted proxy, not observed headcount."
Himachal Pradesh,State,pharmaceutical production,pharmaceuticals,144,97,47,32.6,CRITICAL SHORTAGE,8.0,MEDIUM,SYNTHETIC_DEVELOPMENT,"Demand is synthetic job-signal volume; supply is training-capacity-adjusted proxy, not observed headcount."
Himachal Pradesh,State,cold-chain operations,horticulture,137,96,41,29.9,SHORTAGE,5.0,MEDIUM,SYNTHETIC_DEVELOPMENT,"Demand is synthetic job-signal volume; supply is training-capacity-adjusted proxy, not observed headcount."
Himachal Pradesh,State,hospitality,tourism,131,111,20,15.3,SHORTAGE,6.5,MEDIUM,SYNTHETIC_DEVELOPMENT,"Demand is synthetic job-signal volume; supply is training-capacity-adjusted proxy, not observed headcount."
Himachal Pradesh,State,electrical maintenance,hydropower,124,90,34,27.4,SHORTAGE,5.0,MEDIUM,SYNTHETIC_DEVELOPMENT,"Demand is synthetic job-signal volume; supply is training-capacity-adjusted proxy, not observed headcount."
Himachal Pradesh,State,food processing,food processing,117,95,22,18.8,SHORTAGE,5.5,MEDIUM,SYNTHETIC_DEVELOPMENT,"Demand is synthetic job-signal volume; supply is training-capacity-adjusted proxy, not observed headcount."
Himachal Pradesh,State,hydropower technician,pharmaceuticals,111,83,28,25.2,SHORTAGE,7.0,MEDIUM,SYNTHETIC_DEVELOPMENT,"Demand is synthetic job-signal volume; supply is training-capacity-adjusted proxy, not observed headcount."
Jharkhand,State,mining operations,coal mining,248,179,69,27.8,SHORTAGE,6.0,HIGH,SYNTHETIC_DEVELOPMENT,"Demand is synthetic job-signal volume; supply is training-capacity-adjusted proxy, not observed headcount."
Jharkhand,State,heavy equipment,construction,235,174,61,26.0,SHORTAGE,6.0,HIGH,SYNTHETIC_DEVELOPMENT,"Demand is synthetic job-signal volume; supply is training-capacity-adjusted proxy, not observed headcount."
Jharkhand,State,welding,mineral processing,222,175,47,21.2,SHORTAGE,5.0,HIGH,SYNTHETIC_DEVELOPMENT,"Demand is synthetic job-signal volume; supply is training-capacity-adjusted proxy, not observed headcount."
Jharkhand,State,industrial electrical,power,209,147,62,29.7,SHORTAGE,5.0,HIGH,SYNTHETIC_DEVELOPMENT,"Demand is synthetic job-signal volume; supply is training-capacity-adjusted proxy, not observed headcount."
Jharkhand,State,plant maintenance,construction,197,145,52,26.4,SHORTAGE,5.0,HIGH,SYNTHETIC_DEVELOPMENT,"Demand is synthetic job-signal volume; supply is training-capacity-adjusted proxy, not observed headcount."
Jharkhand,State,safety technician,engineering,184,139,45,24.5,SHORTAGE,6.0,HIGH,SYNTHETIC_DEVELOPMENT,"Demand is synthetic job-signal volume; supply is training-capacity-adjusted proxy, not observed headcount."
Karnataka,State,software development,IT services,529,581,-52,-9.8,BALANCED,9.5,HIGH,SYNTHETIC_DEVELOPMENT,"Demand is synthetic job-signal volume; supply is training-capacity-adjusted proxy, not observed headcount."
Karnataka,State,cloud operations,electronics,499,458,41,8.2,BALANCED,10.0,HIGH,SYNTHETIC_DEVELOPMENT,"Demand is synthetic job-signal volume; supply is training-capacity-adjusted proxy, not observed headcount."
Karnataka,State,data engineering,aerospace,469,430,39,8.3,BALANCED,8.5,HIGH,SYNTHETIC_DEVELOPMENT,"Demand is synthetic job-signal volume; supply is training-capacity-adjusted proxy, not observed headcount."
Karnataka,State,electronics testing,electronics,440,413,27,6.1,BALANCED,9.0,HIGH,SYNTHETIC_DEVELOPMENT,"Demand is synthetic job-signal volume; supply is training-capacity-adjusted proxy, not observed headcount."
Karnataka,State,CNC machining,biotech,410,451,-41,-10.0,BALANCED,9.0,HIGH,SYNTHETIC_DEVELOPMENT,"Demand is synthetic job-signal volume; supply is training-capacity-adjusted proxy, not observed headcount."
Karnataka,State,industrial automation,startups,380,364,16,4.2,BALANCED,5.0,HIGH,SYNTHETIC_DEVELOPMENT,"Demand is synthetic job-signal volume; supply is training-capacity-adjusted proxy, not observed headcount."
Kerala,State,nursing support,healthcare,308,261,47,15.3,SHORTAGE,7.0,HIGH,SYNTHETIC_DEVELOPMENT,"Demand is synthetic job-signal volume; supply is training-capacity-adjusted proxy, not observed headcount."
Kerala,State,medical lab operations,tourism,291,260,31,10.7,BALANCED,7.5,HIGH,SYNTHETIC_DEVELOPMENT,"Demand is synthetic job-signal volume; supply is training-capacity-adjusted proxy, not observed headcount."
Kerala,State,hospitality,tourism,275,330,-55,-20.0,OVERSUPPLY,6.5,HIGH,SYNTHETIC_DEVELOPMENT,"Demand is synthetic job-signal volume; supply is training-capacity-adjusted proxy, not observed headcount."
Kerala,State,logistics,logistics,258,256,2,0.8,BALANCED,7.0,HIGH,SYNTHETIC_DEVELOPMENT,"Demand is synthetic job-signal volume; supply is training-capacity-adjusted proxy, not observed headcount."
Kerala,State,IT support,tourism,242,250,-8,-3.3,BALANCED,6.5,HIGH,SYNTHETIC_DEVELOPMENT,"Demand is synthetic job-signal volume; supply is training-capacity-adjusted proxy, not observed headcount."
Kerala,State,marine services,marine services,226,216,10,4.4,BALANCED,5.0,HIGH,SYNTHETIC_DEVELOPMENT,"Demand is synthetic job-signal volume; supply is training-capacity-adjusted proxy, not observed headcount."
Madhya Pradesh,State,food processing,food processing,412,394,18,4.4,BALANCED,6.5,HIGH,SYNTHETIC_DEVELOPMENT,"Demand is synthetic job-signal volume; supply is training-capacity-adjusted proxy, not observed headcount."
Madhya Pradesh,State,CNC machining,food processing,389,327,62,15.9,SHORTAGE,6.5,HIGH,SYNTHETIC_DEVELOPMENT,"Demand is synthetic job-signal volume; supply is training-capacity-adjusted proxy, not observed headcount."
Madhya Pradesh,State,industrial electrical,automotive,366,321,45,12.3,SHORTAGE,6.5,HIGH,SYNTHETIC_DEVELOPMENT,"Demand is synthetic job-signal volume; supply is training-capacity-adjusted proxy, not observed headcount."
Madhya Pradesh,State,farm machinery,textiles,344,318,26,7.6,BALANCED,4.0,HIGH,SYNTHETIC_DEVELOPMENT,"Demand is synthetic job-signal volume; supply is training-capacity-adjusted proxy, not observed headcount."
Madhya Pradesh,State,warehouse operations,cement,321,303,18,5.6,BALANCED,3.0,HIGH,SYNTHETIC_DEVELOPMENT,"Demand is synthetic job-signal volume; supply is training-capacity-adjusted proxy, not observed headcount."
Madhya Pradesh,State,welding,mining,298,281,17,5.7,BALANCED,3.0,HIGH,SYNTHETIC_DEVELOPMENT,"Demand is synthetic job-signal volume; supply is training-capacity-adjusted proxy, not observed headcount."
Maharashtra,State,software development,finance,815,896,-81,-9.9,BALANCED,8.0,HIGH,SYNTHETIC_DEVELOPMENT,"Demand is synthetic job-signal volume; supply is training-capacity-adjusted proxy, not observed headcount."
Maharashtra,State,data engineering,IT services,768,711,57,7.4,BALANCED,9.5,HIGH,SYNTHETIC_DEVELOPMENT,"Demand is synthetic job-signal volume; supply is training-capacity-adjusted proxy, not observed headcount."
Maharashtra,State,CNC machining,automotive,721,793,-72,-10.0,BALANCED,6.5,HIGH,SYNTHETIC_DEVELOPMENT,"Demand is synthetic job-signal volume; supply is training-capacity-adjusted proxy, not observed headcount."
Maharashtra,State,industrial automation,engineering,674,638,36,5.3,BALANCED,6.0,HIGH,SYNTHETIC_DEVELOPMENT,"Demand is synthetic job-signal volume; supply is training-capacity-adjusted proxy, not observed headcount."
Maharashtra,State,pharmaceutical production,pharmaceuticals,627,632,-5,-0.8,BALANCED,7.0,HIGH,SYNTHETIC_DEVELOPMENT,"Demand is synthetic job-signal volume; supply is training-capacity-adjusted proxy, not observed headcount."
Maharashtra,State,logistics,logistics,581,658,-77,-13.3,OVERSUPPLY,7.0,HIGH,SYNTHETIC_DEVELOPMENT,"Demand is synthetic job-signal volume; supply is training-capacity-adjusted proxy, not observed headcount."
Manipur,State,food processing,food processing,87,56,31,35.6,CRITICAL SHORTAGE,6.5,LOW,SYNTHETIC_DEVELOPMENT,"Demand is synthetic job-signal volume; supply is training-capacity-adjusted proxy, not observed headcount."
Manipur,State,weaving,handloom,83,58,25,30.1,CRITICAL SHORTAGE,4.0,LOW,SYNTHETIC_DEVELOPMENT,"Demand is synthetic job-signal volume; supply is training-capacity-adjusted proxy, not observed headcount."
Manipur,State,hospitality,tourism,80,54,26,32.5,CRITICAL SHORTAGE,6.5,LOW,SYNTHETIC_DEVELOPMENT,"Demand is synthetic job-signal volume; supply is training-capacity-adjusted proxy, not observed headcount."
Manipur,State,retail operations,retail,77,51,26,33.8,CRITICAL SHORTAGE,4.0,LOW,SYNTHETIC_DEVELOPMENT,"Demand is synthetic job-signal volume; supply is training-capacity-adjusted proxy, not observed headcount."
Manipur,State,electrical technician,retail,74,45,29,39.2,CRITICAL SHORTAGE,4.0,LOW,SYNTHETIC_DEVELOPMENT,"Demand is synthetic job-signal volume; supply is training-capacity-adjusted proxy, not observed headcount."
Manipur,State,construction,public services,71,43,28,39.4,CRITICAL SHORTAGE,2.0,LOW,SYNTHETIC_DEVELOPMENT,"Demand is synthetic job-signal volume; supply is training-capacity-adjusted proxy, not observed headcount."
Meghalaya,State,hospitality,tourism,81,55,26,32.1,CRITICAL SHORTAGE,7.5,LOW,SYNTHETIC_DEVELOPMENT,"Demand is synthetic job-signal volume; supply is training-capacity-adjusted proxy, not observed headcount."
Meghalaya,State,food processing,food processing,78,53,25,32.1,CRITICAL SHORTAGE,6.5,LOW,SYNTHETIC_DEVELOPMENT,"Demand is synthetic job-signal volume; supply is training-capacity-adjusted proxy, not observed headcount."
Meghalaya,State,heavy equipment,mining; construction,111,69,42,37.8,CRITICAL SHORTAGE,4.0,LOW,SYNTHETIC_DEVELOPMENT,"Demand is synthetic job-signal volume; supply is training-capacity-adjusted proxy, not observed headcount."
Meghalaya,State,construction trades,construction,73,51,22,30.1,CRITICAL SHORTAGE,5.0,LOW,SYNTHETIC_DEVELOPMENT,"Demand is synthetic job-signal volume; supply is training-capacity-adjusted proxy, not observed headcount."
Meghalaya,State,logistics,logistics,70,44,26,37.1,CRITICAL SHORTAGE,7.0,LOW,SYNTHETIC_DEVELOPMENT,"Demand is synthetic job-signal volume; supply is training-capacity-adjusted proxy, not observed headcount."
Meghalaya,State,electrical technician,logistics,67,43,24,35.8,CRITICAL SHORTAGE,7.0,LOW,SYNTHETIC_DEVELOPMENT,"Demand is synthetic job-signal volume; supply is training-capacity-adjusted proxy, not observed headcount."
Mizoram,State,food processing,food processing,71,47,24,33.8,CRITICAL SHORTAGE,6.5,LOW,SYNTHETIC_DEVELOPMENT,"Demand is synthetic job-signal volume; supply is training-capacity-adjusted proxy, not observed headcount."
Mizoram,State,bamboo processing,bamboo products,69,47,22,31.9,CRITICAL SHORTAGE,5.0,LOW,SYNTHETIC_DEVELOPMENT,"Demand is synthetic job-signal volume; supply is training-capacity-adjusted proxy, not observed headcount."
Mizoram,State,hospitality,tourism,67,47,20,29.9,SHORTAGE,6.5,LOW,SYNTHETIC_DEVELOPMENT,"Demand is synthetic job-signal volume; supply is training-capacity-adjusted proxy, not observed headcount."
Mizoram,State,construction,food processing,64,38,26,40.6,CRITICAL SHORTAGE,5.5,LOW,SYNTHETIC_DEVELOPMENT,"Demand is synthetic job-signal volume; supply is training-capacity-adjusted proxy, not observed headcount."
Mizoram,State,electrical technician,public services,62,39,23,37.1,CRITICAL SHORTAGE,2.0,LOW,SYNTHETIC_DEVELOPMENT,"Demand is synthetic job-signal volume; supply is training-capacity-adjusted proxy, not observed headcount."
Mizoram,State,retail operations,horticulture,60,43,17,28.3,SHORTAGE,4.0,LOW,SYNTHETIC_DEVELOPMENT,"Demand is synthetic job-signal volume; supply is training-capacity-adjusted proxy, not observed headcount."
Nagaland,State,food processing,food processing,76,50,26,34.2,CRITICAL SHORTAGE,6.5,LOW,SYNTHETIC_DEVELOPMENT,"Demand is synthetic job-signal volume; supply is training-capacity-adjusted proxy, not observed headcount."
Nagaland,State,hospitality,tourism,74,51,23,31.1,CRITICAL SHORTAGE,7.5,LOW,SYNTHETIC_DEVELOPMENT,"Demand is synthetic job-signal volume; supply is training-capacity-adjusted proxy, not observed headcount."
Nagaland,State,weaving,tourism,71,53,18,25.4,SHORTAGE,6.5,LOW,SYNTHETIC_DEVELOPMENT,"Demand is synthetic job-signal volume; supply is training-capacity-adjusted proxy, not observed headcount."
Nagaland,State,warehouse operations,handloom,69,44,25,36.2,CRITICAL SHORTAGE,3.0,LOW,SYNTHETIC_DEVELOPMENT,"Demand is synthetic job-signal volume; supply is training-capacity-adjusted proxy, not observed headcount."
Nagaland,State,electrical technician,logistics,66,41,25,37.9,CRITICAL SHORTAGE,7.0,LOW,SYNTHETIC_DEVELOPMENT,"Demand is synthetic job-signal volume; supply is training-capacity-adjusted proxy, not observed headcount."
Nagaland,State,construction,public services,64,40,24,37.5,CRITICAL SHORTAGE,2.0,LOW,SYNTHETIC_DEVELOPMENT,"Demand is synthetic job-signal volume; supply is training-capacity-adjusted proxy, not observed headcount."
Odisha,State,industrial electrical,metals,295,265,30,10.2,BALANCED,6.0,HIGH,SYNTHETIC_DEVELOPMENT,"Demand is synthetic job-signal volume; supply is training-capacity-adjusted proxy, not observed headcount."
Odisha,State,welding,mining,279,276,3,1.1,BALANCED,4.0,HIGH,SYNTHETIC_DEVELOPMENT,"Demand is synthetic job-signal volume; supply is training-capacity-adjusted proxy, not observed headcount."
Odisha,State,CNC machining,steel,263,241,22,8.4,BALANCED,3.5,HIGH,SYNTHETIC_DEVELOPMENT,"Demand is synthetic job-signal volume; supply is training-capacity-adjusted proxy, not observed headcount."
Odisha,State,mining operations,mining,248,229,19,7.7,BALANCED,3.0,HIGH,SYNTHETIC_DEVELOPMENT,"Demand is synthetic job-signal volume; supply is training-capacity-adjusted proxy, not observed headcount."
Odisha,State,port logistics,power,232,219,13,5.6,BALANCED,5.0,HIGH,SYNTHETIC_DEVELOPMENT,"Demand is synthetic job-signal volume; supply is training-capacity-adjusted proxy, not observed headcount."
Odisha,State,plant maintenance,construction,217,209,8,3.7,BALANCED,5.0,HIGH,SYNTHETIC_DEVELOPMENT,"Demand is synthetic job-signal volume; supply is training-capacity-adjusted proxy, not observed headcount."
Punjab,State,food processing,food processing,321,385,-64,-19.9,OVERSUPPLY,6.5,HIGH,SYNTHETIC_DEVELOPMENT,"Demand is synthetic job-signal volume; supply is training-capacity-adjusted proxy, not observed headcount."
Punjab,State,farm machinery,food processing,303,319,-16,-5.3,BALANCED,6.5,HIGH,SYNTHETIC_DEVELOPMENT,"Demand is synthetic job-signal volume; supply is training-capacity-adjusted proxy, not observed headcount."
Punjab,State,CNC machining,textiles,286,274,12,4.2,BALANCED,4.0,HIGH,SYNTHETIC_DEVELOPMENT,"Demand is synthetic job-signal volume; supply is training-capacity-adjusted proxy, not observed headcount."
Punjab,State,cold-chain operations,light engineering,269,247,22,8.2,BALANCED,5.0,HIGH,SYNTHETIC_DEVELOPMENT,"Demand is synthetic job-signal volume; supply is training-capacity-adjusted proxy, not observed headcount."
Punjab,State,warehouse operations,logistics,252,265,-13,-5.2,BALANCED,7.0,HIGH,SYNTHETIC_DEVELOPMENT,"Demand is synthetic job-signal volume; supply is training-capacity-adjusted proxy, not observed headcount."
Punjab,State,textile machinery,textiles,235,225,10,4.3,BALANCED,4.0,HIGH,SYNTHETIC_DEVELOPMENT,"Demand is synthetic job-signal volume; supply is training-capacity-adjusted proxy, not observed headcount."
Rajasthan,State,mining operations,mining,373,342,31,8.3,BALANCED,4.0,HIGH,SYNTHETIC_DEVELOPMENT,"Demand is synthetic job-signal volume; supply is training-capacity-adjusted proxy, not observed headcount."
Rajasthan,State,solar installation,cement,352,276,76,21.6,SHORTAGE,4.0,HIGH,SYNTHETIC_DEVELOPMENT,"Demand is synthetic job-signal volume; supply is training-capacity-adjusted proxy, not observed headcount."
Rajasthan,State,stone cutting,textiles,332,347,-15,-4.5,BALANCED,4.0,HIGH,SYNTHETIC_DEVELOPMENT,"Demand is synthetic job-signal volume; supply is training-capacity-adjusted proxy, not observed headcount."
Rajasthan,State,jewellery production,gems & jewellery,312,313,-1,-0.3,BALANCED,4.5,HIGH,SYNTHETIC_DEVELOPMENT,"Demand is synthetic job-signal volume; supply is training-capacity-adjusted proxy, not observed headcount."
Rajasthan,State,hospitality,tourism,291,349,-58,-19.9,OVERSUPPLY,6.5,HIGH,SYNTHETIC_DEVELOPMENT,"Demand is synthetic job-signal volume; supply is training-capacity-adjusted proxy, not observed headcount."
Rajasthan,State,construction trades,construction,271,300,-29,-10.7,BALANCED,5.0,HIGH,SYNTHETIC_DEVELOPMENT,"Demand is synthetic job-signal volume; supply is training-capacity-adjusted proxy, not observed headcount."
Sikkim,State,hospitality,tourism,61,40,21,34.4,CRITICAL SHORTAGE,7.5,LOW,SYNTHETIC_DEVELOPMENT,"Demand is synthetic job-signal volume; supply is training-capacity-adjusted proxy, not observed headcount."
Sikkim,State,pharmaceutical operations,pharmaceuticals,59,32,27,45.8,CRITICAL SHORTAGE,8.0,LOW,SYNTHETIC_DEVELOPMENT,"Demand is synthetic job-signal volume; supply is training-capacity-adjusted proxy, not observed headcount."
Sikkim,State,hydropower technician,hydropower,57,34,23,40.4,CRITICAL SHORTAGE,5.0,LOW,SYNTHETIC_DEVELOPMENT,"Demand is synthetic job-signal volume; supply is training-capacity-adjusted proxy, not observed headcount."
Sikkim,State,food processing,food processing,56,36,20,35.7,CRITICAL SHORTAGE,5.5,LOW,SYNTHETIC_DEVELOPMENT,"Demand is synthetic job-signal volume; supply is training-capacity-adjusted proxy, not observed headcount."
Sikkim,State,electrical maintenance,hydropower,55,33,22,40.0,CRITICAL SHORTAGE,5.0,LOW,SYNTHETIC_DEVELOPMENT,"Demand is synthetic job-signal volume; supply is training-capacity-adjusted proxy, not observed headcount."
Sikkim,State,cold-chain operations,tourism,55,31,24,43.6,CRITICAL SHORTAGE,6.5,LOW,SYNTHETIC_DEVELOPMENT,"Demand is synthetic job-signal volume; supply is training-capacity-adjusted proxy, not observed headcount."
Tamil Nadu,State,CNC machining,automotive,568,624,-56,-9.9,BALANCED,7.5,HIGH,SYNTHETIC_DEVELOPMENT,"Demand is synthetic job-signal volume; supply is training-capacity-adjusted proxy, not observed headcount."
Tamil Nadu,State,electronics assembly,electronics,536,551,-15,-2.8,BALANCED,10.0,HIGH,SYNTHETIC_DEVELOPMENT,"Demand is synthetic job-signal volume; supply is training-capacity-adjusted proxy, not observed headcount."
Tamil Nadu,State,industrial automation,textiles,504,497,7,1.4,BALANCED,4.0,HIGH,SYNTHETIC_DEVELOPMENT,"Demand is synthetic job-signal volume; supply is training-capacity-adjusted proxy, not observed headcount."
Tamil Nadu,State,textile machinery,textiles,472,475,-3,-0.6,BALANCED,4.0,HIGH,SYNTHETIC_DEVELOPMENT,"Demand is synthetic job-signal volume; supply is training-capacity-adjusted proxy, not observed headcount."
Tamil Nadu,State,software development,IT services,440,484,-44,-10.0,BALANCED,8.5,HIGH,SYNTHETIC_DEVELOPMENT,"Demand is synthetic job-signal volume; supply is training-capacity-adjusted proxy, not observed headcount."
Tamil Nadu,State,quality inspection,leather,408,479,-71,-17.4,OVERSUPPLY,4.0,HIGH,SYNTHETIC_DEVELOPMENT,"Demand is synthetic job-signal volume; supply is training-capacity-adjusted proxy, not observed headcount."
Telangana,State,software development,IT services,360,328,32,8.9,BALANCED,9.5,HIGH,SYNTHETIC_DEVELOPMENT,"Demand is synthetic job-signal volume; supply is training-capacity-adjusted proxy, not observed headcount."
Telangana,State,cloud operations,pharmaceuticals,340,306,34,10.0,BALANCED,8.0,HIGH,SYNTHETIC_DEVELOPMENT,"Demand is synthetic job-signal volume; supply is training-capacity-adjusted proxy, not observed headcount."
Telangana,State,pharmaceutical production,pharmaceuticals,321,314,7,2.2,BALANCED,7.0,HIGH,SYNTHETIC_DEVELOPMENT,"Demand is synthetic job-signal volume; supply is training-capacity-adjusted proxy, not observed headcount."
Telangana,State,data engineering,aerospace,301,260,41,13.6,SHORTAGE,8.5,HIGH,SYNTHETIC_DEVELOPMENT,"Demand is synthetic job-signal volume; supply is training-capacity-adjusted proxy, not observed headcount."
Telangana,State,electronics testing,electronics,282,265,17,6.0,BALANCED,9.0,HIGH,SYNTHETIC_DEVELOPMENT,"Demand is synthetic job-signal volume; supply is training-capacity-adjusted proxy, not observed headcount."
Telangana,State,warehouse operations,logistics,262,293,-31,-11.8,BALANCED,7.0,HIGH,SYNTHETIC_DEVELOPMENT,"Demand is synthetic job-signal volume; supply is training-capacity-adjusted proxy, not observed headcount."
Tripura,State,rubber processing,rubber,76,48,28,36.8,CRITICAL SHORTAGE,6.0,LOW,SYNTHETIC_DEVELOPMENT,"Demand is synthetic job-signal volume; supply is training-capacity-adjusted proxy, not observed headcount."
Tripura,State,food processing,food processing,74,52,22,29.7,SHORTAGE,6.5,LOW,SYNTHETIC_DEVELOPMENT,"Demand is synthetic job-signal volume; supply is training-capacity-adjusted proxy, not observed headcount."
Tripura,State,bamboo processing,bamboo,71,51,20,28.2,SHORTAGE,5.0,LOW,SYNTHETIC_DEVELOPMENT,"Demand is synthetic job-signal volume; supply is training-capacity-adjusted proxy, not observed headcount."
Tripura,State,construction,construction,69,43,26,37.7,CRITICAL SHORTAGE,5.0,LOW,SYNTHETIC_DEVELOPMENT,"Demand is synthetic job-signal volume; supply is training-capacity-adjusted proxy, not observed headcount."
Tripura,State,hospitality,tourism,66,47,19,28.8,SHORTAGE,6.5,LOW,SYNTHETIC_DEVELOPMENT,"Demand is synthetic job-signal volume; supply is training-capacity-adjusted proxy, not observed headcount."
Tripura,State,electrical technician,tourism,64,42,22,34.4,CRITICAL SHORTAGE,6.5,LOW,SYNTHETIC_DEVELOPMENT,"Demand is synthetic job-signal volume; supply is training-capacity-adjusted proxy, not observed headcount."
Uttar Pradesh,State,food processing,food processing,867,830,37,4.3,BALANCED,6.5,HIGH,SYNTHETIC_DEVELOPMENT,"Demand is synthetic job-signal volume; supply is training-capacity-adjusted proxy, not observed headcount."
Uttar Pradesh,State,CNC machining,food processing,817,688,129,15.8,SHORTAGE,6.5,HIGH,SYNTHETIC_DEVELOPMENT,"Demand is synthetic job-signal volume; supply is training-capacity-adjusted proxy, not observed headcount."
Uttar Pradesh,State,leather processing,leather,767,712,55,7.2,BALANCED,4.0,HIGH,SYNTHETIC_DEVELOPMENT,"Demand is synthetic job-signal volume; supply is training-capacity-adjusted proxy, not observed headcount."
Uttar Pradesh,State,warehouse operations,textiles,717,662,55,7.7,BALANCED,4.0,HIGH,SYNTHETIC_DEVELOPMENT,"Demand is synthetic job-signal volume; supply is training-capacity-adjusted proxy, not observed headcount."
Uttar Pradesh,State,electrician,electronics,667,590,77,11.5,BALANCED,9.0,HIGH,SYNTHETIC_DEVELOPMENT,"Demand is synthetic job-signal volume; supply is training-capacity-adjusted proxy, not observed headcount."
Uttar Pradesh,State,construction trades,construction,617,647,-30,-4.9,BALANCED,5.0,HIGH,SYNTHETIC_DEVELOPMENT,"Demand is synthetic job-signal volume; supply is training-capacity-adjusted proxy, not observed headcount."
Uttarakhand,State,pharmaceutical production,pharmaceuticals,152,125,27,17.8,SHORTAGE,8.0,MEDIUM,SYNTHETIC_DEVELOPMENT,"Demand is synthetic job-signal volume; supply is training-capacity-adjusted proxy, not observed headcount."
Uttarakhand,State,hospitality,tourism,144,146,-2,-1.4,BALANCED,7.5,MEDIUM,SYNTHETIC_DEVELOPMENT,"Demand is synthetic job-signal volume; supply is training-capacity-adjusted proxy, not observed headcount."
Uttarakhand,State,hydropower technician,food processing,137,126,11,8.0,BALANCED,5.5,MEDIUM,SYNTHETIC_DEVELOPMENT,"Demand is synthetic job-signal volume; supply is training-capacity-adjusted proxy, not observed headcount."
Uttarakhand,State,food processing,food processing,130,127,3,2.3,BALANCED,5.5,MEDIUM,SYNTHETIC_DEVELOPMENT,"Demand is synthetic job-signal volume; supply is training-capacity-adjusted proxy, not observed headcount."
Uttarakhand,State,industrial maintenance,automotive components,123,111,12,9.8,BALANCED,5.0,MEDIUM,SYNTHETIC_DEVELOPMENT,"Demand is synthetic job-signal volume; supply is training-capacity-adjusted proxy, not observed headcount."
Uttarakhand,State,logistics,logistics,116,110,6,5.2,BALANCED,7.0,MEDIUM,SYNTHETIC_DEVELOPMENT,"Demand is synthetic job-signal volume; supply is training-capacity-adjusted proxy, not observed headcount."
West Bengal,State,food processing,food processing,503,532,-29,-5.8,BALANCED,6.5,HIGH,SYNTHETIC_DEVELOPMENT,"Demand is synthetic job-signal volume; supply is training-capacity-adjusted proxy, not observed headcount."
West Bengal,State,textile machinery,textiles,474,441,33,7.0,BALANCED,5.0,HIGH,SYNTHETIC_DEVELOPMENT,"Demand is synthetic job-signal volume; supply is training-capacity-adjusted proxy, not observed headcount."
West Bengal,State,warehouse operations,jute,446,474,-28,-6.3,BALANCED,3.5,HIGH,SYNTHETIC_DEVELOPMENT,"Demand is synthetic job-signal volume; supply is training-capacity-adjusted proxy, not observed headcount."
West Bengal,State,steel fabrication,steel,418,400,18,4.3,BALANCED,3.5,HIGH,SYNTHETIC_DEVELOPMENT,"Demand is synthetic job-signal volume; supply is training-capacity-adjusted proxy, not observed headcount."
West Bengal,State,software development,IT services,390,344,46,11.8,BALANCED,8.5,HIGH,SYNTHETIC_DEVELOPMENT,"Demand is synthetic job-signal volume; supply is training-capacity-adjusted proxy, not observed headcount."
West Bengal,State,tea processing,tea,362,385,-23,-6.4,BALANCED,5.0,HIGH,SYNTHETIC_DEVELOPMENT,"Demand is synthetic job-signal volume; supply is training-capacity-adjusted proxy, not observed headcount."
Andaman & Nicobar Islands,UT,hospitality,tourism,55,34,21,38.2,CRITICAL SHORTAGE,7.5,LOW,SYNTHETIC_DEVELOPMENT,"Demand is synthetic job-signal volume; supply is training-capacity-adjusted proxy, not observed headcount."
Andaman & Nicobar Islands,UT,marine technician,marine services,55,31,24,43.6,CRITICAL SHORTAGE,6.0,LOW,SYNTHETIC_DEVELOPMENT,"Demand is synthetic job-signal volume; supply is training-capacity-adjusted proxy, not observed headcount."
Andaman & Nicobar Islands,UT,cold-chain operations,marine services,55,30,25,45.5,CRITICAL SHORTAGE,5.0,LOW,SYNTHETIC_DEVELOPMENT,"Demand is synthetic job-signal volume; supply is training-capacity-adjusted proxy, not observed headcount."
Andaman & Nicobar Islands,UT,fisheries,fisheries; marine services,90,53,37,41.1,CRITICAL SHORTAGE,4.5,LOW,SYNTHETIC_DEVELOPMENT,"Demand is synthetic job-signal volume; supply is training-capacity-adjusted proxy, not observed headcount."
Andaman & Nicobar Islands,UT,logistics,logistics,55,32,23,41.8,CRITICAL SHORTAGE,7.0,LOW,SYNTHETIC_DEVELOPMENT,"Demand is synthetic job-signal volume; supply is training-capacity-adjusted proxy, not observed headcount."
Andaman & Nicobar Islands,UT,electrical technician,tourism,55,32,23,41.8,CRITICAL SHORTAGE,6.5,LOW,SYNTHETIC_DEVELOPMENT,"Demand is synthetic job-signal volume; supply is training-capacity-adjusted proxy, not observed headcount."
Chandigarh,UT,healthcare support,healthcare,81,84,-3,-3.7,BALANCED,7.0,LOW,SYNTHETIC_DEVELOPMENT,"Demand is synthetic job-signal volume; supply is training-capacity-adjusted proxy, not observed headcount."
Chandigarh,UT,IT support,healthcare,78,89,-11,-14.1,OVERSUPPLY,7.0,LOW,SYNTHETIC_DEVELOPMENT,"Demand is synthetic job-signal volume; supply is training-capacity-adjusted proxy, not observed headcount."
Chandigarh,UT,administration,public administration,76,96,-20,-26.3,OVERSUPPLY,2.0,LOW,SYNTHETIC_DEVELOPMENT,"Demand is synthetic job-signal volume; supply is training-capacity-adjusted proxy, not observed headcount."
Chandigarh,UT,retail operations,retail,73,89,-16,-21.9,OVERSUPPLY,4.0,LOW,SYNTHETIC_DEVELOPMENT,"Demand is synthetic job-signal volume; supply is training-capacity-adjusted proxy, not observed headcount."
Chandigarh,UT,data entry,retail,70,90,-20,-28.6,OVERSUPPLY,4.0,LOW,SYNTHETIC_DEVELOPMENT,"Demand is synthetic job-signal volume; supply is training-capacity-adjusted proxy, not observed headcount."
Chandigarh,UT,hospitality,public administration,67,83,-16,-23.9,OVERSUPPLY,2.0,LOW,SYNTHETIC_DEVELOPMENT,"Demand is synthetic job-signal volume; supply is training-capacity-adjusted proxy, not observed headcount."
Dadra & Nagar Haveli and Daman & Diu,UT,machine operation,pharmaceuticals,81,73,8,9.9,BALANCED,8.0,LOW,SYNTHETIC_DEVELOPMENT,"Demand is synthetic job-signal volume; supply is training-capacity-adjusted proxy, not observed headcount."
Dadra & Nagar Haveli and Daman & Diu,UT,pharmaceutical production,pharmaceuticals,78,62,16,20.5,SHORTAGE,8.0,LOW,SYNTHETIC_DEVELOPMENT,"Demand is synthetic job-signal volume; supply is training-capacity-adjusted proxy, not observed headcount."
Dadra & Nagar Haveli and Daman & Diu,UT,plastics processing,plastics,76,68,8,10.5,BALANCED,5.0,LOW,SYNTHETIC_DEVELOPMENT,"Demand is synthetic job-signal volume; supply is training-capacity-adjusted proxy, not observed headcount."
Dadra & Nagar Haveli and Daman & Diu,UT,quality inspection,engineering,73,65,8,11.0,BALANCED,6.0,LOW,SYNTHETIC_DEVELOPMENT,"Demand is synthetic job-signal volume; supply is training-capacity-adjusted proxy, not observed headcount."
Dadra & Nagar Haveli and Daman & Diu,UT,industrial electrical,food processing,70,58,12,17.1,SHORTAGE,5.5,LOW,SYNTHETIC_DEVELOPMENT,"Demand is synthetic job-signal volume; supply is training-capacity-adjusted proxy, not observed headcount."
Dadra & Nagar Haveli and Daman & Diu,UT,CNC machining,pharmaceuticals,67,56,11,16.4,SHORTAGE,7.0,LOW,SYNTHETIC_DEVELOPMENT,"Demand is synthetic job-signal volume; supply is training-capacity-adjusted proxy, not observed headcount."
Delhi,UT,IT support,hospitality,477,524,-47,-9.9,BALANCED,6.0,HIGH,SYNTHETIC_DEVELOPMENT,"Demand is synthetic job-signal volume; supply is training-capacity-adjusted proxy, not observed headcount."
Delhi,UT,data analytics,finance,450,426,24,5.3,BALANCED,8.0,HIGH,SYNTHETIC_DEVELOPMENT,"Demand is synthetic job-signal volume; supply is training-capacity-adjusted proxy, not observed headcount."
Delhi,UT,logistics,logistics,423,479,-56,-13.2,OVERSUPPLY,7.0,HIGH,SYNTHETIC_DEVELOPMENT,"Demand is synthetic job-signal volume; supply is training-capacity-adjusted proxy, not observed headcount."
Delhi,UT,healthcare support,healthcare,397,408,-11,-2.8,BALANCED,6.0,HIGH,SYNTHETIC_DEVELOPMENT,"Demand is synthetic job-signal volume; supply is training-capacity-adjusted proxy, not observed headcount."
Delhi,UT,retail operations,retail,370,456,-86,-23.2,OVERSUPPLY,4.0,HIGH,SYNTHETIC_DEVELOPMENT,"Demand is synthetic job-signal volume; supply is training-capacity-adjusted proxy, not observed headcount."
Delhi,UT,customer operations,retail,344,415,-71,-20.6,OVERSUPPLY,4.0,HIGH,SYNTHETIC_DEVELOPMENT,"Demand is synthetic job-signal volume; supply is training-capacity-adjusted proxy, not observed headcount."
Jammu & Kashmir,UT,hospitality,tourism,152,111,41,27.0,SHORTAGE,7.5,MEDIUM,SYNTHETIC_DEVELOPMENT,"Demand is synthetic job-signal volume; supply is training-capacity-adjusted proxy, not observed headcount."
Jammu & Kashmir,UT,food processing,food processing,144,106,38,26.4,SHORTAGE,6.5,MEDIUM,SYNTHETIC_DEVELOPMENT,"Demand is synthetic job-signal volume; supply is training-capacity-adjusted proxy, not observed headcount."
Jammu & Kashmir,UT,cold-chain operations,handicrafts,137,89,48,35.0,CRITICAL SHORTAGE,5.0,MEDIUM,SYNTHETIC_DEVELOPMENT,"Demand is synthetic job-signal volume; supply is training-capacity-adjusted proxy, not observed headcount."
Jammu & Kashmir,UT,handicraft production,handicrafts,130,97,33,25.4,SHORTAGE,5.0,MEDIUM,SYNTHETIC_DEVELOPMENT,"Demand is synthetic job-signal volume; supply is training-capacity-adjusted proxy, not observed headcount."
Jammu & Kashmir,UT,construction,construction,123,82,41,33.3,CRITICAL SHORTAGE,5.0,MEDIUM,SYNTHETIC_DEVELOPMENT,"Demand is synthetic job-signal volume; supply is training-capacity-adjusted proxy, not observed headcount."
Jammu & Kashmir,UT,logistics,logistics,116,81,35,30.2,CRITICAL SHORTAGE,7.0,MEDIUM,SYNTHETIC_DEVELOPMENT,"Demand is synthetic job-signal volume; supply is training-capacity-adjusted proxy, not observed headcount."
Ladakh,UT,hospitality,tourism,55,32,23,41.8,CRITICAL SHORTAGE,7.5,LOW,SYNTHETIC_DEVELOPMENT,"Demand is synthetic job-signal volume; supply is training-capacity-adjusted proxy, not observed headcount."
Ladakh,UT,solar installation,construction,55,24,31,56.4,CRITICAL SHORTAGE,6.0,LOW,SYNTHETIC_DEVELOPMENT,"Demand is synthetic job-signal volume; supply is training-capacity-adjusted proxy, not observed headcount."
Ladakh,UT,construction trades,construction,55,34,21,38.2,CRITICAL SHORTAGE,5.0,LOW,SYNTHETIC_DEVELOPMENT,"Demand is synthetic job-signal volume; supply is training-capacity-adjusted proxy, not observed headcount."
Ladakh,UT,cold-chain operations,public services,55,27,28,50.9,CRITICAL SHORTAGE,2.0,LOW,SYNTHETIC_DEVELOPMENT,"Demand is synthetic job-signal volume; supply is training-capacity-adjusted proxy, not observed headcount."
Ladakh,UT,electrical technician,renewable energy,55,30,25,45.5,CRITICAL SHORTAGE,11.0,LOW,SYNTHETIC_DEVELOPMENT,"Demand is synthetic job-signal volume; supply is training-capacity-adjusted proxy, not observed headcount."
Ladakh,UT,logistics,tourism,55,30,25,45.5,CRITICAL SHORTAGE,6.5,LOW,SYNTHETIC_DEVELOPMENT,"Demand is synthetic job-signal volume; supply is training-capacity-adjusted proxy, not observed headcount."
Lakshadweep,UT,hospitality,tourism,55,31,24,43.6,CRITICAL SHORTAGE,7.5,LOW,SYNTHETIC_DEVELOPMENT,"Demand is synthetic job-signal volume; supply is training-capacity-adjusted proxy, not observed headcount."
Lakshadweep,UT,fisheries,fisheries; marine services,90,49,41,45.6,CRITICAL SHORTAGE,5.5,LOW,SYNTHETIC_DEVELOPMENT,"Demand is synthetic job-signal volume; supply is training-capacity-adjusted proxy, not observed headcount."
Lakshadweep,UT,marine technician,marine services,55,28,27,49.1,CRITICAL SHORTAGE,5.0,LOW,SYNTHETIC_DEVELOPMENT,"Demand is synthetic job-signal volume; supply is training-capacity-adjusted proxy, not observed headcount."
Lakshadweep,UT,cold-chain operations,food processing,55,26,29,52.7,CRITICAL SHORTAGE,5.5,LOW,SYNTHETIC_DEVELOPMENT,"Demand is synthetic job-signal volume; supply is training-capacity-adjusted proxy, not observed headcount."
Lakshadweep,UT,food processing,food processing,55,31,24,43.6,CRITICAL SHORTAGE,5.5,LOW,SYNTHETIC_DEVELOPMENT,"Demand is synthetic job-signal volume; supply is training-capacity-adjusted proxy, not observed headcount."
Lakshadweep,UT,electrical technician,tourism,55,29,26,47.3,CRITICAL SHORTAGE,6.5,LOW,SYNTHETIC_DEVELOPMENT,"Demand is synthetic job-signal volume; supply is training-capacity-adjusted proxy, not observed headcount."
Puducherry,UT,pharmaceutical production,pharmaceuticals,100,88,12,12.0,SHORTAGE,8.0,LOW,SYNTHETIC_DEVELOPMENT,"Demand is synthetic job-signal volume; supply is training-capacity-adjusted proxy, not observed headcount."
Puducherry,UT,CNC machining,pharmaceuticals,96,88,8,8.3,BALANCED,8.0,LOW,SYNTHETIC_DEVELOPMENT,"Demand is synthetic job-signal volume; supply is training-capacity-adjusted proxy, not observed headcount."
Puducherry,UT,hospitality,tourism,92,102,-10,-10.9,BALANCED,6.5,LOW,SYNTHETIC_DEVELOPMENT,"Demand is synthetic job-signal volume; supply is training-capacity-adjusted proxy, not observed headcount."
Puducherry,UT,food processing,food processing,88,92,-4,-4.5,BALANCED,5.5,LOW,SYNTHETIC_DEVELOPMENT,"Demand is synthetic job-signal volume; supply is training-capacity-adjusted proxy, not observed headcount."
Puducherry,UT,quality inspection,food processing,84,86,-2,-2.4,BALANCED,5.5,LOW,SYNTHETIC_DEVELOPMENT,"Demand is synthetic job-signal volume; supply is training-capacity-adjusted proxy, not observed headcount."
Puducherry,UT,IT support,tourism,80,82,-2,-2.5,BALANCED,6.5,LOW,SYNTHETIC_DEVELOPMENT,"Demand is synthetic job-signal volume; supply is training-capacity-adjusted proxy, not observed headcount."
