geography,geography_type,data_origin,market_scale_factor,training_ecosystem_factor,primary_industries,priority_skills,labour_clusters,reference_basis
Andhra Pradesh,State,SYNTHETIC_DEVELOPMENT,1.0,0.78,agri-food processing; ports & logistics; pharmaceuticals; textiles; electronics assembly,food processing; logistics; industrial maintenance; electrical technician; pharmaceutical production; welding,Visakhapatnam; Vijayawada; Tirupati,PLFS/NITI sector structure + state economic specialisation; synthetic calibration for SIH prototype
Arunachal Pradesh,State,SYNTHETIC_DEVELOPMENT,0.18,0.58,hydropower; construction; tourism; horticulture; public services,hydropower technician; civil works; heavy equipment operation; hospitality; horticulture; electrical maintenance,Itanagar; Tawang; Pasighat,PLFS/NITI sector structure + state economic specialisation; synthetic calibration for SIH prototype
Assam,State,SYNTHETIC_DEVELOPMENT,0.72,0.7,tea; oil & gas; food processing; logistics; handloom; tourism,tea processing; industrial maintenance; food processing; heavy vehicle operation; weaving; hospitality,Guwahati; Dibrugarh; Jorhat,PLFS/NITI sector structure + state economic specialisation; synthetic calibration for SIH prototype
Bihar,State,SYNTHETIC_DEVELOPMENT,1.55,0.62,agriculture; food processing; construction; logistics; textiles; retail,food processing; masonry; electrician; welding; warehouse operations; farm machinery,Patna; Gaya; Muzaffarpur,PLFS/NITI sector structure + state economic specialisation; synthetic calibration for SIH prototype
Chhattisgarh,State,SYNTHETIC_DEVELOPMENT,0.72,0.74,steel; mining; power; cement; construction; food processing,CNC machining; industrial electrical; welding; heavy equipment; plant maintenance; mining operations,Raipur; Bhilai; Korba,PLFS/NITI sector structure + state economic specialisation; synthetic calibration for SIH prototype
Goa,State,SYNTHETIC_DEVELOPMENT,0.2,0.72,tourism; hospitality; pharmaceuticals; marine services; food processing,hospitality; food production; marine technician; pharmaceutical operations; HVAC; electrical maintenance,Panaji; Vasco da Gama; Margao,PLFS/NITI sector structure + state economic specialisation; synthetic calibration for SIH prototype
Gujarat,State,SYNTHETIC_DEVELOPMENT,1.75,0.92,chemicals; pharmaceuticals; textiles; engineering; automotive; ports & logistics; petrochemicals,CNC machining; process operations; chemical plant maintenance; quality control; industrial automation; logistics,Ahmedabad; Surat; Vadodara,PLFS/NITI sector structure + state economic specialisation; synthetic calibration for SIH prototype
Haryana,State,SYNTHETIC_DEVELOPMENT,1.35,0.9,automotive; engineering; logistics; food processing; IT services; pharmaceuticals,CNC machining; automotive assembly; industrial automation; warehouse operations; quality inspection; IT support,Gurugram; Faridabad; Panipat,PLFS/NITI sector structure + state economic specialisation; synthetic calibration for SIH prototype
Himachal Pradesh,State,SYNTHETIC_DEVELOPMENT,0.42,0.72,pharmaceuticals; horticulture; tourism; hydropower; food processing,pharmaceutical production; cold-chain operations; hospitality; electrical maintenance; food processing; hydropower technician,Baddi; Shimla; Solan,PLFS/NITI sector structure + state economic specialisation; synthetic calibration for SIH prototype
Jharkhand,State,SYNTHETIC_DEVELOPMENT,0.82,0.72,coal mining; steel; mineral processing; power; construction; engineering,mining operations; heavy equipment; welding; industrial electrical; plant maintenance; safety technician,Jamshedpur; Ranchi; Dhanbad,PLFS/NITI sector structure + state economic specialisation; synthetic calibration for SIH prototype
Karnataka,State,SYNTHETIC_DEVELOPMENT,1.9,0.88,IT services; electronics; aerospace; automotive; biotech; startups; logistics,software development; cloud operations; data engineering; electronics testing; CNC machining; industrial automation,Bengaluru; Mysuru; Hubballi,PLFS/NITI sector structure + state economic specialisation; synthetic calibration for SIH prototype
Kerala,State,SYNTHETIC_DEVELOPMENT,1.05,0.82,healthcare; tourism; IT services; retail; logistics; marine services,nursing support; medical lab operations; hospitality; logistics; IT support; marine services,Kochi; Thiruvananthapuram; Kozhikode,PLFS/NITI sector structure + state economic specialisation; synthetic calibration for SIH prototype
Madhya Pradesh,State,SYNTHETIC_DEVELOPMENT,1.45,0.78,agriculture; food processing; automotive; textiles; cement; mining; logistics,food processing; CNC machining; industrial electrical; farm machinery; warehouse operations; welding,Indore; Bhopal; Jabalpur,PLFS/NITI sector structure + state economic specialisation; synthetic calibration for SIH prototype
Maharashtra,State,SYNTHETIC_DEVELOPMENT,3.0,0.94,finance; IT services; automotive; engineering; pharmaceuticals; media; logistics; food processing,software development; data engineering; CNC machining; industrial automation; pharmaceutical production; logistics,Mumbai; Pune; Nashik,PLFS/NITI sector structure + state economic specialisation; synthetic calibration for SIH prototype
Manipur,State,SYNTHETIC_DEVELOPMENT,0.2,0.58,agriculture; handloom; tourism; food processing; retail; public services,food processing; weaving; hospitality; retail operations; electrical technician; construction,Imphal; Thoubal; Churachandpur,PLFS/NITI sector structure + state economic specialisation; synthetic calibration for SIH prototype
Meghalaya,State,SYNTHETIC_DEVELOPMENT,0.18,0.6,tourism; horticulture; mining; food processing; construction; logistics,hospitality; food processing; heavy equipment; construction trades; logistics; electrical technician,Shillong; Tura; Jowai,PLFS/NITI sector structure + state economic specialisation; synthetic calibration for SIH prototype
Mizoram,State,SYNTHETIC_DEVELOPMENT,0.14,0.6,horticulture; bamboo products; tourism; food processing; public services,food processing; bamboo processing; hospitality; construction; electrical technician; retail operations,Aizawl; Lunglei; Champhai,PLFS/NITI sector structure + state economic specialisation; synthetic calibration for SIH prototype
Nagaland,State,SYNTHETIC_DEVELOPMENT,0.16,0.6,agriculture; food processing; tourism; handloom; logistics; public services,food processing; hospitality; weaving; warehouse operations; electrical technician; construction,Dimapur; Kohima; Mokokchung,PLFS/NITI sector structure + state economic specialisation; synthetic calibration for SIH prototype
Odisha,State,SYNTHETIC_DEVELOPMENT,1.0,0.8,metals; mining; steel; ports & logistics; power; construction; food processing,industrial electrical; welding; CNC machining; mining operations; port logistics; plant maintenance,Bhubaneswar; Cuttack; Rourkela,PLFS/NITI sector structure + state economic specialisation; synthetic calibration for SIH prototype
Punjab,State,SYNTHETIC_DEVELOPMENT,1.1,0.84,agriculture; food processing; textiles; light engineering; logistics; retail,food processing; farm machinery; CNC machining; cold-chain operations; warehouse operations; textile machinery,Ludhiana; Amritsar; Mohali,PLFS/NITI sector structure + state economic specialisation; synthetic calibration for SIH prototype
Rajasthan,State,SYNTHETIC_DEVELOPMENT,1.3,0.78,mining; cement; textiles; gems & jewellery; tourism; renewable energy; construction,mining operations; solar installation; stone cutting; jewellery production; hospitality; construction trades,Jaipur; Jodhpur; Kota,PLFS/NITI sector structure + state economic specialisation; synthetic calibration for SIH prototype
Sikkim,State,SYNTHETIC_DEVELOPMENT,0.1,0.58,tourism; pharmaceuticals; hydropower; organic agriculture; food processing,hospitality; pharmaceutical operations; hydropower technician; food processing; electrical maintenance; cold-chain operations,Gangtok; Namchi; Mangan,PLFS/NITI sector structure + state economic specialisation; synthetic calibration for SIH prototype
Tamil Nadu,State,SYNTHETIC_DEVELOPMENT,2.05,0.95,automotive; electronics; textiles; engineering; IT services; leather; renewable energy,CNC machining; electronics assembly; industrial automation; textile machinery; software development; quality inspection,Chennai; Coimbatore; Hosur,PLFS/NITI sector structure + state economic specialisation; synthetic calibration for SIH prototype
Telangana,State,SYNTHETIC_DEVELOPMENT,1.25,0.9,IT services; pharmaceuticals; biotech; aerospace; electronics; logistics,software development; cloud operations; pharmaceutical production; data engineering; electronics testing; warehouse operations,Hyderabad; Warangal; Karimnagar,PLFS/NITI sector structure + state economic specialisation; synthetic calibration for SIH prototype
Tripura,State,SYNTHETIC_DEVELOPMENT,0.16,0.62,rubber; tea; bamboo; food processing; construction; tourism,rubber processing; food processing; bamboo processing; construction; hospitality; electrical technician,Agartala; Udaipur; Dharmanagar,PLFS/NITI sector structure + state economic specialisation; synthetic calibration for SIH prototype
Uttar Pradesh,State,SYNTHETIC_DEVELOPMENT,3.2,0.76,agriculture; food processing; leather; textiles; electronics; construction; logistics; retail,food processing; CNC machining; leather processing; warehouse operations; electrician; construction trades,Noida; Lucknow; Kanpur,PLFS/NITI sector structure + state economic specialisation; synthetic calibration for SIH prototype
Uttarakhand,State,SYNTHETIC_DEVELOPMENT,0.45,0.78,pharmaceuticals; tourism; food processing; hydropower; automotive components; logistics,pharmaceutical production; hospitality; hydropower technician; food processing; industrial maintenance; logistics,Dehradun; Haridwar; Rudrapur,PLFS/NITI sector structure + state economic specialisation; synthetic calibration for SIH prototype
West Bengal,State,SYNTHETIC_DEVELOPMENT,1.8,0.82,food processing; textiles; jute; steel; IT services; logistics; tea; retail,food processing; textile machinery; warehouse operations; steel fabrication; software development; tea processing,Kolkata; Durgapur; Siliguri,PLFS/NITI sector structure + state economic specialisation; synthetic calibration for SIH prototype
Andaman & Nicobar Islands,UT,SYNTHETIC_DEVELOPMENT,0.05,0.55,tourism; fisheries; marine services; logistics; public services,hospitality; marine technician; cold-chain operations; fisheries; logistics; electrical technician,Port Blair; Diglipur,PLFS/NITI sector structure + state economic specialisation; synthetic calibration for SIH prototype
Chandigarh,UT,SYNTHETIC_DEVELOPMENT,0.18,0.88,public administration; healthcare; education; IT services; retail,healthcare support; IT support; administration; retail operations; data entry; hospitality,Chandigarh,PLFS/NITI sector structure + state economic specialisation; synthetic calibration for SIH prototype
Dadra & Nagar Haveli and Daman & Diu,UT,SYNTHETIC_DEVELOPMENT,0.18,0.84,pharmaceuticals; textiles; plastics; engineering; food processing,machine operation; pharmaceutical production; plastics processing; quality inspection; industrial electrical; CNC machining,Silvassa; Daman,PLFS/NITI sector structure + state economic specialisation; synthetic calibration for SIH prototype
Delhi,UT,SYNTHETIC_DEVELOPMENT,1.7,0.92,public administration; finance; IT services; retail; logistics; healthcare; hospitality,IT support; data analytics; logistics; healthcare support; retail operations; customer operations,New Delhi; Dwarka; Okhla,PLFS/NITI sector structure + state economic specialisation; synthetic calibration for SIH prototype
Jammu & Kashmir,UT,SYNTHETIC_DEVELOPMENT,0.45,0.65,tourism; horticulture; handicrafts; food processing; construction; logistics,hospitality; food processing; cold-chain operations; handicraft production; construction; logistics,Srinagar; Jammu; Anantnag,PLFS/NITI sector structure + state economic specialisation; synthetic calibration for SIH prototype
Ladakh,UT,SYNTHETIC_DEVELOPMENT,0.07,0.52,tourism; construction; renewable energy; public services; horticulture,hospitality; solar installation; construction trades; cold-chain operations; electrical technician; logistics,Leh; Kargil,PLFS/NITI sector structure + state economic specialisation; synthetic calibration for SIH prototype
Lakshadweep,UT,SYNTHETIC_DEVELOPMENT,0.03,0.5,tourism; fisheries; marine services; food processing; public services,hospitality; fisheries; marine technician; cold-chain operations; food processing; electrical technician,Kavaratti; Agatti,PLFS/NITI sector structure + state economic specialisation; synthetic calibration for SIH prototype
Puducherry,UT,SYNTHETIC_DEVELOPMENT,0.25,0.8,tourism; pharmaceuticals; engineering; textiles; food processing; IT services,pharmaceutical production; CNC machining; hospitality; food processing; quality inspection; IT support,Puducherry; Karaikal,PLFS/NITI sector structure + state economic specialisation; synthetic calibration for SIH prototype
